run_id,experiment_id,status,artifact_uri,start_time,end_time,metrics.cv_rmse,metrics.cv_rmse_step,metrics.test_r2,metrics.test_rmse,metrics.validation_min_test_r2,metrics.test_mae,metrics.best_cv_rmse,metrics.r2,metrics.mae,metrics.rmse,params.max_depth,params.n_estimators,params.n_jobs,params.random_state,params.min_samples_leaf,params.best_n_estimators,params.model_type,params.n_trials,params.cv_folds,params.best_min_samples_leaf,params.validation_min_test_r2,params.feature_selection_k,params.best_max_depth,params.validation_passed,tags.mlflow.source.name,tags.mlflow.source.type,tags.mlflow.runName,tags.mlflow.user,tags.mlflow.source.git.commit,tags.mlflow.parentRunId,tags.mlflow.log-model.history
933e23346aab4e3790f3ab3b21dad430,964614978291141374,FINISHED,file:D:/Users/Badr/Downloads/MLOPs Final Project/mlops-final/mlruns/964614978291141374/933e23346aab4e3790f3ab3b21dad430/artifacts,2026-05-01 14:54:40.885000+00:00,2026-05-01 14:54:40.968000+00:00,64.39162362496543,64.39162362496543,,,,,,,,,None,200,-1,42,1,,,,,,,,,,D:\Users\Badr\Downloads\MLOPs Final Project\mlops-final\src\training\train.py,LOCAL,hpo_trial_19,Badr,109231d5c6cb075aff1972bedb299bac2bf8c7cb,9e3d24e7e8644d76b6ba709c322cc204,
aa55d451866743009a984a282501209b,964614978291141374,FINISHED,file:D:/Users/Badr/Downloads/MLOPs Final Project/mlops-final/mlruns/964614978291141374/aa55d451866743009a984a282501209b/artifacts,2026-05-01 14:54:38.018000+00:00,2026-05-01 14:54:38.102000+00:00,67.08924612064139,67.08924612064139,,,,,,,,,8,200,-1,42,1,,,,,,,,,,D:\Users\Badr\Downloads\MLOPs Final Project\mlops-final\src\training\train.py,LOCAL,hpo_trial_18,Badr,109231d5c6cb075aff1972bedb299bac2bf8c7cb,9e3d24e7e8644d76b6ba709c322cc204,
6922262b7aed49b89335d34253d6d49e,964614978291141374,FINISHED,file:D:/Users/Badr/Downloads/MLOPs Final Project/mlops-final/mlruns/964614978291141374/6922262b7aed49b89335d34253d6d49e/artifacts,2026-05-01 14:54:36.651000+00:00,2026-05-01 14:54:36.746000+00:00,64.66785735415792,64.66785735415792,,,,,,,,,None,400,-1,42,4,,,,,,,,,,D:\Users\Badr\Downloads\MLOPs Final Project\mlops-final\src\training\train.py,LOCAL,hpo_trial_17,Badr,109231d5c6cb075aff1972bedb299bac2bf8c7cb,9e3d24e7e8644d76b6ba709c322cc204,
303869a7aeb048f5a9a038686edd30c1,964614978291141374,FINISHED,file:D:/Users/Badr/Downloads/MLOPs Final Project/mlops-final/mlruns/964614978291141374/303869a7aeb048f5a9a038686edd30c1/artifacts,2026-05-01 14:54:33.568000+00:00,2026-05-01 14:54:33.635000+00:00,64.39162362496543,64.39162362496543,,,,,,,,,None,200,-1,42,1,,,,,,,,,,D:\Users\Badr\Downloads\MLOPs Final Project\mlops-final\src\training\train.py,LOCAL,hpo_trial_16,Badr,109231d5c6cb075aff1972bedb299bac2bf8c7cb,9e3d24e7e8644d76b6ba709c322cc204,
d5cdae6f1f574d6fb28d613face9a9b0,964614978291141374,FINISHED,file:D:/Users/Badr/Downloads/MLOPs Final Project/mlops-final/mlruns/964614978291141374/d5cdae6f1f574d6fb28d613face9a9b0/artifacts,2026-05-01 14:54:30.920000+00:00,2026-05-01 14:54:31.002000+00:00,64.39162362496543,64.39162362496543,,,,,,,,,None,200,-1,42,1,,,,,,,,,,D:\Users\Badr\Downloads\MLOPs Final Project\mlops-final\src\training\train.py,LOCAL,hpo_trial_15,Badr,109231d5c6cb075aff1972bedb299bac2bf8c7cb,9e3d24e7e8644d76b6ba709c322cc204,
1ad6578e072f4643b7fc14107eb4e8ea,964614978291141374,FINISHED,file:D:/Users/Badr/Downloads/MLOPs Final Project/mlops-final/mlruns/964614978291141374/1ad6578e072f4643b7fc14107eb4e8ea/artifacts,2026-05-01 14:54:28.235000+00:00,2026-05-01 14:54:28.319000+00:00,64.39162362496543,64.39162362496543,,,,,,,,,None,200,-1,42,1,,,,,,,,,,D:\Users\Badr\Downloads\MLOPs Final Project\mlops-final\src\training\train.py,LOCAL,hpo_trial_14,Badr,109231d5c6cb075aff1972bedb299bac2bf8c7cb,9e3d24e7e8644d76b6ba709c322cc204,
61263b71a13f47f7b86ab88fda92a352,964614978291141374,FINISHED,file:D:/Users/Badr/Downloads/MLOPs Final Project/mlops-final/mlruns/964614978291141374/61263b71a13f47f7b86ab88fda92a352/artifacts,2026-05-01 14:54:25.714000+00:00,2026-05-01 14:54:25.805000+00:00,64.39162362496543,64.39162362496543,,,,,,,,,None,200,-1,42,1,,,,,,,,,,D:\Users\Badr\Downloads\MLOPs Final Project\mlops-final\src\training\train.py,LOCAL,hpo_trial_13,Badr,109231d5c6cb075aff1972bedb299bac2bf8c7cb,9e3d24e7e8644d76b6ba709c322cc204,
7bb3679e6d91450baf377e41ddf98786,964614978291141374,FINISHED,file:D:/Users/Badr/Downloads/MLOPs Final Project/mlops-final/mlruns/964614978291141374/7bb3679e6d91450baf377e41ddf98786/artifacts,2026-05-01 14:54:22.654000+00:00,2026-05-01 14:54:22.808000+00:00,64.39162362496543,64.39162362496543,,,,,,,,,None,200,-1,42,1,,,,,,,,,,D:\Users\Badr\Downloads\MLOPs Final Project\mlops-final\src\training\train.py,LOCAL,hpo_trial_12,Badr,109231d5c6cb075aff1972bedb299bac2bf8c7cb,9e3d24e7e8644d76b6ba709c322cc204,
59597bd66d084ad9918f9579fe822982,964614978291141374,FINISHED,file:D:/Users/Badr/Downloads/MLOPs Final Project/mlops-final/mlruns/964614978291141374/59597bd66d084ad9918f9579fe822982/artifacts,2026-05-01 14:54:19.771000+00:00,2026-05-01 14:54:19.906000+00:00,64.39162362496543,64.39162362496543,,,,,,,,,None,200,-1,42,1,,,,,,,,,,D:\Users\Badr\Downloads\MLOPs Final Project\mlops-final\src\training\train.py,LOCAL,hpo_trial_11,Badr,109231d5c6cb075aff1972bedb299bac2bf8c7cb,9e3d24e7e8644d76b6ba709c322cc204,
a0fb198c48d74ebf9528e50b52b8d867,964614978291141374,FINISHED,file:D:/Users/Badr/Downloads/MLOPs Final Project/mlops-final/mlruns/964614978291141374/a0fb198c48d74ebf9528e50b52b8d867/artifacts,2026-05-01 14:54:16.739000+00:00,2026-05-01 14:54:16.920000+00:00,64.39162362496543,64.39162362496543,,,,,,,,,None,200,-1,42,1,,,,,,,,,,D:\Users\Badr\Downloads\MLOPs Final Project\mlops-final\src\training\train.py,LOCAL,hpo_trial_10,Badr,109231d5c6cb075aff1972bedb299bac2bf8c7cb,9e3d24e7e8644d76b6ba709c322cc204,
e30620de6547400e974b112ab64e5051,964614978291141374,FINISHED,file:D:/Users/Badr/Downloads/MLOPs Final Project/mlops-final/mlruns/964614978291141374/e30620de6547400e974b112ab64e5051/artifacts,2026-05-01 14:54:13.824000+00:00,2026-05-01 14:54:13.887000+00:00,67.06223014722912,67.06223014722912,,,,,,,,,8,400,-1,42,1,,,,,,,,,,D:\Users\Badr\Downloads\MLOPs Final Project\mlops-final\src\training\train.py,LOCAL,hpo_trial_9,Badr,109231d5c6cb075aff1972bedb299bac2bf8c7cb,9e3d24e7e8644d76b6ba709c322cc204,
5665d3c40ffc4e3ab08bb142276854ea,964614978291141374,FINISHED,file:D:/Users/Badr/Downloads/MLOPs Final Project/mlops-final/mlruns/964614978291141374/5665d3c40ffc4e3ab08bb142276854ea/artifacts,2026-05-01 14:54:10.701000+00:00,2026-05-01 14:54:10.807000+00:00,64.55868945039336,64.55868945039336,,,,,,,,,None,100,-1,42,2,,,,,,,,,,D:\Users\Badr\Downloads\MLOPs Final Project\mlops-final\src\training\train.py,LOCAL,hpo_trial_8,Badr,109231d5c6cb075aff1972bedb299bac2bf8c7cb,9e3d24e7e8644d76b6ba709c322cc204,
96591741dbcf499180b4e5fb4358b8ac,964614978291141374,FINISHED,file:D:/Users/Badr/Downloads/MLOPs Final Project/mlops-final/mlruns/964614978291141374/96591741dbcf499180b4e5fb4358b8ac/artifacts,2026-05-01 14:54:09.073000+00:00,2026-05-01 14:54:09.223000+00:00,80.63445667709749,80.63445667709749,,,,,,,,,4,100,-1,42,2,,,,,,,,,,D:\Users\Badr\Downloads\MLOPs Final Project\mlops-final\src\training\train.py,LOCAL,hpo_trial_7,Badr,109231d5c6cb075aff1972bedb299bac2bf8c7cb,9e3d24e7e8644d76b6ba709c322cc204,
7705267d855345f7b2fe7351ddc9c13f,964614978291141374,FINISHED,file:D:/Users/Badr/Downloads/MLOPs Final Project/mlops-final/mlruns/964614978291141374/7705267d855345f7b2fe7351ddc9c13f/artifacts,2026-05-01 14:54:07.840000+00:00,2026-05-01 14:54:07.991000+00:00,64.73694138110078,64.73694138110078,,,,,,,,,16,400,-1,42,4,,,,,,,,,,D:\Users\Badr\Downloads\MLOPs Final Project\mlops-final\src\training\train.py,LOCAL,hpo_trial_6,Badr,109231d5c6cb075aff1972bedb299bac2bf8c7cb,9e3d24e7e8644d76b6ba709c322cc204,
a9e7114d99a2494dbc2f86b8b52fe798,964614978291141374,FINISHED,file:D:/Users/Badr/Downloads/MLOPs Final Project/mlops-final/mlruns/964614978291141374/a9e7114d99a2494dbc2f86b8b52fe798/artifacts,2026-05-01 14:54:04.172000+00:00,2026-05-01 14:54:04.341000+00:00,64.73806833911871,64.73806833911871,,,,,,,,,16,100,-1,42,4,,,,,,,,,,D:\Users\Badr\Downloads\MLOPs Final Project\mlops-final\src\training\train.py,LOCAL,hpo_trial_5,Badr,109231d5c6cb075aff1972bedb299bac2bf8c7cb,9e3d24e7e8644d76b6ba709c322cc204,
2a038ea9eb1746c497a2fbb4c93fcd1f,964614978291141374,FINISHED,file:D:/Users/Badr/Downloads/MLOPs Final Project/mlops-final/mlruns/964614978291141374/2a038ea9eb1746c497a2fbb4c93fcd1f/artifacts,2026-05-01 14:54:02.977000+00:00,2026-05-01 14:54:03.093000+00:00,80.62763232820166,80.62763232820166,,,,,,,,,4,200,-1,42,2,,,,,,,,,,D:\Users\Badr\Downloads\MLOPs Final Project\mlops-final\src\training\train.py,LOCAL,hpo_trial_4,Badr,109231d5c6cb075aff1972bedb299bac2bf8c7cb,9e3d24e7e8644d76b6ba709c322cc204,
9dddf6c6e3544ccba58681264778b3fa,964614978291141374,FINISHED,file:D:/Users/Badr/Downloads/MLOPs Final Project/mlops-final/mlruns/964614978291141374/9dddf6c6e3544ccba58681264778b3fa/artifacts,2026-05-01 14:54:01.174000+00:00,2026-05-01 14:54:01.307000+00:00,67.22150773466078,67.22150773466078,,,,,,,,,8,100,-1,42,2,,,,,,,,,,D:\Users\Badr\Downloads\MLOPs Final Project\mlops-final\src\training\train.py,LOCAL,hpo_trial_3,Badr,109231d5c6cb075aff1972bedb299bac2bf8c7cb,9e3d24e7e8644d76b6ba709c322cc204,
b321cc6acab54eb2946b7f6b4dbfaf89,964614978291141374,FINISHED,file:D:/Users/Badr/Downloads/MLOPs Final Project/mlops-final/mlruns/964614978291141374/b321cc6acab54eb2946b7f6b4dbfaf89/artifacts,2026-05-01 14:54:00.057000+00:00,2026-05-01 14:54:00.211000+00:00,64.67220557872973,64.67220557872973,,,,,,,,,16,100,-1,42,2,,,,,,,,,,D:\Users\Badr\Downloads\MLOPs Final Project\mlops-final\src\training\train.py,LOCAL,hpo_trial_2,Badr,109231d5c6cb075aff1972bedb299bac2bf8c7cb,9e3d24e7e8644d76b6ba709c322cc204,
476c647dbb8e427a9751a86a25ea52b2,964614978291141374,FINISHED,file:D:/Users/Badr/Downloads/MLOPs Final Project/mlops-final/mlruns/964614978291141374/476c647dbb8e427a9751a86a25ea52b2/artifacts,2026-05-01 14:53:58.754000+00:00,2026-05-01 14:53:58.922000+00:00,64.39162362496543,64.39162362496543,,,,,,,,,None,200,-1,42,1,,,,,,,,,,D:\Users\Badr\Downloads\MLOPs Final Project\mlops-final\src\training\train.py,LOCAL,hpo_trial_1,Badr,109231d5c6cb075aff1972bedb299bac2bf8c7cb,9e3d24e7e8644d76b6ba709c322cc204,
170141de73394ffeae9dd8a9a676d3dd,964614978291141374,FINISHED,file:D:/Users/Badr/Downloads/MLOPs Final Project/mlops-final/mlruns/964614978291141374/170141de73394ffeae9dd8a9a676d3dd/artifacts,2026-05-01 14:53:55.623000+00:00,2026-05-01 14:53:55.793000+00:00,80.62764178907503,80.62764178907503,,,,,,,,,4,200,-1,42,1,,,,,,,,,,D:\Users\Badr\Downloads\MLOPs Final Project\mlops-final\src\training\train.py,LOCAL,hpo_trial_0,Badr,109231d5c6cb075aff1972bedb299bac2bf8c7cb,9e3d24e7e8644d76b6ba709c322cc204,
9e3d24e7e8644d76b6ba709c322cc204,964614978291141374,FINISHED,file:D:/Users/Badr/Downloads/MLOPs Final Project/mlops-final/mlruns/964614978291141374/9e3d24e7e8644d76b6ba709c322cc204/artifacts,2026-05-01 14:53:54.161000+00:00,2026-05-01 14:54:53.471000+00:00,,,0.7570725279289972,66.71144693740244,0.7,45.0629244170033,64.39162362496543,,,,,,,,,200,random_forest,20,3,1,0.7,12,None,True,D:\Users\Badr\Downloads\MLOPs Final Project\mlops-final\src\training\train.py,LOCAL,parent_hpo,Badr,109231d5c6cb075aff1972bedb299bac2bf8c7cb,,"[{""run_id"": ""9e3d24e7e8644d76b6ba709c322cc204"", ""artifact_path"": ""model"", ""utc_time_created"": ""2026-05-01 14:54:42.361438"", ""flavors"": {""python_function"": {""model_path"": ""model.pkl"", ""predict_fn"": ""predict"", ""loader_module"": ""mlflow.sklearn"", ""python_version"": ""3.12.10"", ""env"": {""conda"": ""conda.yaml"", ""virtualenv"": ""python_env.yaml""}}, ""sklearn"": {""pickled_model"": ""model.pkl"", ""sklearn_version"": ""1.4.2"", ""serialization_format"": ""cloudpickle"", ""code"": null}}, ""model_uuid"": ""d4a90a219f81494c9c04ad06f26cd9ec"", ""mlflow_version"": ""2.13.0"", ""model_size_bytes"": 108493977}]"
abbdb86f28544da1a257a31a44d9d5a0,964614978291141374,FINISHED,file:D:/Users/Badr/Downloads/MLOPs Final Project/mlops-final/mlruns/964614978291141374/abbdb86f28544da1a257a31a44d9d5a0/artifacts,2026-05-01 14:39:28.833000+00:00,2026-05-01 14:39:28.916000+00:00,64.39162362496543,64.39162362496543,,,,,,,,,None,200,-1,42,1,,,,,,,,,,D:\Users\Badr\Downloads\MLOPs Final Project\mlops-final\src\training\train.py,LOCAL,hpo_trial_19,Badr,109231d5c6cb075aff1972bedb299bac2bf8c7cb,532ee835d6fe400e902a6cc6723ade87,
1f19d0cc07d14b94a1eb0531eb5f9644,964614978291141374,FINISHED,file:D:/Users/Badr/Downloads/MLOPs Final Project/mlops-final/mlruns/964614978291141374/1f19d0cc07d14b94a1eb0531eb5f9644/artifacts,2026-05-01 14:39:25.746000+00:00,2026-05-01 14:39:25.832000+00:00,67.0892461206414,67.0892461206414,,,,,,,,,8,200,-1,42,1,,,,,,,,,,D:\Users\Badr\Downloads\MLOPs Final Project\mlops-final\src\training\train.py,LOCAL,hpo_trial_18,Badr,109231d5c6cb075aff1972bedb299bac2bf8c7cb,532ee835d6fe400e902a6cc6723ade87,
7dfd7b7545e34093b2914e94672ddb1d,964614978291141374,FINISHED,file:D:/Users/Badr/Downloads/MLOPs Final Project/mlops-final/mlruns/964614978291141374/7dfd7b7545e34093b2914e94672ddb1d/artifacts,2026-05-01 14:39:24.200000+00:00,2026-05-01 14:39:24.298000+00:00,64.66785735415792,64.66785735415792,,,,,,,,,None,400,-1,42,4,,,,,,,,,,D:\Users\Badr\Downloads\MLOPs Final Project\mlops-final\src\training\train.py,LOCAL,hpo_trial_17,Badr,109231d5c6cb075aff1972bedb299bac2bf8c7cb,532ee835d6fe400e902a6cc6723ade87,
1a433f3c28ab4bf38e78e900a97690fe,964614978291141374,FINISHED,file:D:/Users/Badr/Downloads/MLOPs Final Project/mlops-final/mlruns/964614978291141374/1a433f3c28ab4bf38e78e900a97690fe/artifacts,2026-05-01 14:39:20.233000+00:00,2026-05-01 14:39:20.331000+00:00,64.39162362496543,64.39162362496543,,,,,,,,,None,200,-1,42,1,,,,,,,,,,D:\Users\Badr\Downloads\MLOPs Final Project\mlops-final\src\training\train.py,LOCAL,hpo_trial_16,Badr,109231d5c6cb075aff1972bedb299bac2bf8c7cb,532ee835d6fe400e902a6cc6723ade87,
0b75ff0183c04bdfa57cbcde9caf7610,964614978291141374,FINISHED,file:D:/Users/Badr/Downloads/MLOPs Final Project/mlops-final/mlruns/964614978291141374/0b75ff0183c04bdfa57cbcde9caf7610/artifacts,2026-05-01 14:39:17.219000+00:00,2026-05-01 14:39:17.315000+00:00,64.39162362496543,64.39162362496543,,,,,,,,,None,200,-1,42,1,,,,,,,,,,D:\Users\Badr\Downloads\MLOPs Final Project\mlops-final\src\training\train.py,LOCAL,hpo_trial_15,Badr,109231d5c6cb075aff1972bedb299bac2bf8c7cb,532ee835d6fe400e902a6cc6723ade87,
0cd972cde2b24e76811c5589fe216719,964614978291141374,FINISHED,file:D:/Users/Badr/Downloads/MLOPs Final Project/mlops-final/mlruns/964614978291141374/0cd972cde2b24e76811c5589fe216719/artifacts,2026-05-01 14:39:14.186000+00:00,2026-05-01 14:39:14.283000+00:00,64.39162362496543,64.39162362496543,,,,,,,,,None,200,-1,42,1,,,,,,,,,,D:\Users\Badr\Downloads\MLOPs Final Project\mlops-final\src\training\train.py,LOCAL,hpo_trial_14,Badr,109231d5c6cb075aff1972bedb299bac2bf8c7cb,532ee835d6fe400e902a6cc6723ade87,
99c822a679a14c11b7952812f8c16af6,964614978291141374,FINISHED,file:D:/Users/Badr/Downloads/MLOPs Final Project/mlops-final/mlruns/964614978291141374/99c822a679a14c11b7952812f8c16af6/artifacts,2026-05-01 14:39:11.416000+00:00,2026-05-01 14:39:11.482000+00:00,64.39162362496543,64.39162362496543,,,,,,,,,None,200,-1,42,1,,,,,,,,,,D:\Users\Badr\Downloads\MLOPs Final Project\mlops-final\src\training\train.py,LOCAL,hpo_trial_13,Badr,109231d5c6cb075aff1972bedb299bac2bf8c7cb,532ee835d6fe400e902a6cc6723ade87,
8f71c9ab5c0f4bf595791e117ac1a8cd,964614978291141374,FINISHED,file:D:/Users/Badr/Downloads/MLOPs Final Project/mlops-final/mlruns/964614978291141374/8f71c9ab5c0f4bf595791e117ac1a8cd/artifacts,2026-05-01 14:39:08.965000+00:00,2026-05-01 14:39:09.032000+00:00,64.39162362496543,64.39162362496543,,,,,,,,,None,200,-1,42,1,,,,,,,,,,D:\Users\Badr\Downloads\MLOPs Final Project\mlops-final\src\training\train.py,LOCAL,hpo_trial_12,Badr,109231d5c6cb075aff1972bedb299bac2bf8c7cb,532ee835d6fe400e902a6cc6723ade87,
977ea75c91844b7abb8d2289873948f6,964614978291141374,FINISHED,file:D:/Users/Badr/Downloads/MLOPs Final Project/mlops-final/mlruns/964614978291141374/977ea75c91844b7abb8d2289873948f6/artifacts,2026-05-01 14:39:06.236000+00:00,2026-05-01 14:39:06.312000+00:00,64.39162362496543,64.39162362496543,,,,,,,,,None,200,-1,42,1,,,,,,,,,,D:\Users\Badr\Downloads\MLOPs Final Project\mlops-final\src\training\train.py,LOCAL,hpo_trial_11,Badr,109231d5c6cb075aff1972bedb299bac2bf8c7cb,532ee835d6fe400e902a6cc6723ade87,
020d8639fdba4595a3ca6f78ad30c213,964614978291141374,FINISHED,file:D:/Users/Badr/Downloads/MLOPs Final Project/mlops-final/mlruns/964614978291141374/020d8639fdba4595a3ca6f78ad30c213/artifacts,2026-05-01 14:39:03.616000+00:00,2026-05-01 14:39:03.683000+00:00,64.39162362496543,64.39162362496543,,,,,,,,,None,200,-1,42,1,,,,,,,,,,D:\Users\Badr\Downloads\MLOPs Final Project\mlops-final\src\training\train.py,LOCAL,hpo_trial_10,Badr,109231d5c6cb075aff1972bedb299bac2bf8c7cb,532ee835d6fe400e902a6cc6723ade87,
fbb734dc67f049d8969046a77348f60e,964614978291141374,FINISHED,file:D:/Users/Badr/Downloads/MLOPs Final Project/mlops-final/mlruns/964614978291141374/fbb734dc67f049d8969046a77348f60e/artifacts,2026-05-01 14:39:01.186000+00:00,2026-05-01 14:39:01.253000+00:00,67.06223014722912,67.06223014722912,,,,,,,,,8,400,-1,42,1,,,,,,,,,,D:\Users\Badr\Downloads\MLOPs Final Project\mlops-final\src\training\train.py,LOCAL,hpo_trial_9,Badr,109231d5c6cb075aff1972bedb299bac2bf8c7cb,532ee835d6fe400e902a6cc6723ade87,
4737f6bf883440e4a6420b54b001231a,964614978291141374,FINISHED,file:D:/Users/Badr/Downloads/MLOPs Final Project/mlops-final/mlruns/964614978291141374/4737f6bf883440e4a6420b54b001231a/artifacts,2026-05-01 14:38:58.736000+00:00,2026-05-01 14:38:58.803000+00:00,64.55868945039336,64.55868945039336,,,,,,,,,None,100,-1,42,2,,,,,,,,,,D:\Users\Badr\Downloads\MLOPs Final Project\mlops-final\src\training\train.py,LOCAL,hpo_trial_8,Badr,109231d5c6cb075aff1972bedb299bac2bf8c7cb,532ee835d6fe400e902a6cc6723ade87,
40e15737a60f4690ac26a563070d2ce1,964614978291141374,FINISHED,file:D:/Users/Badr/Downloads/MLOPs Final Project/mlops-final/mlruns/964614978291141374/40e15737a60f4690ac26a563070d2ce1/artifacts,2026-05-01 14:38:57.635000+00:00,2026-05-01 14:38:57.703000+00:00,80.63445667709749,80.63445667709749,,,,,,,,,4,100,-1,42,2,,,,,,,,,,D:\Users\Badr\Downloads\MLOPs Final Project\mlops-final\src\training\train.py,LOCAL,hpo_trial_7,Badr,109231d5c6cb075aff1972bedb299bac2bf8c7cb,532ee835d6fe400e902a6cc6723ade87,
bdf5e149f033477588ef78db2b6ac3f0,964614978291141374,FINISHED,file:D:/Users/Badr/Downloads/MLOPs Final Project/mlops-final/mlruns/964614978291141374/bdf5e149f033477588ef78db2b6ac3f0/artifacts,2026-05-01 14:38:56.998000+00:00,2026-05-01 14:38:57.071000+00:00,64.73694138110078,64.73694138110078,,,,,,,,,16,400,-1,42,4,,,,,,,,,,D:\Users\Badr\Downloads\MLOPs Final Project\mlops-final\src\training\train.py,LOCAL,hpo_trial_6,Badr,109231d5c6cb075aff1972bedb299bac2bf8c7cb,532ee835d6fe400e902a6cc6723ade87,
07c923938b004cc2a596aa2fef720836,964614978291141374,FINISHED,file:D:/Users/Badr/Downloads/MLOPs Final Project/mlops-final/mlruns/964614978291141374/07c923938b004cc2a596aa2fef720836/artifacts,2026-05-01 14:38:53.774000+00:00,2026-05-01 14:38:53.851000+00:00,64.73806833911871,64.73806833911871,,,,,,,,,16,100,-1,42,4,,,,,,,,,,D:\Users\Badr\Downloads\MLOPs Final Project\mlops-final\src\training\train.py,LOCAL,hpo_trial_5,Badr,109231d5c6cb075aff1972bedb299bac2bf8c7cb,532ee835d6fe400e902a6cc6723ade87,
ceed4336a0b04f1c89e9e98232de0030,964614978291141374,FINISHED,file:D:/Users/Badr/Downloads/MLOPs Final Project/mlops-final/mlruns/964614978291141374/ceed4336a0b04f1c89e9e98232de0030/artifacts,2026-05-01 14:38:52.822000+00:00,2026-05-01 14:38:52.883000+00:00,80.62763232820167,80.62763232820167,,,,,,,,,4,200,-1,42,2,,,,,,,,,,D:\Users\Badr\Downloads\MLOPs Final Project\mlops-final\src\training\train.py,LOCAL,hpo_trial_4,Badr,109231d5c6cb075aff1972bedb299bac2bf8c7cb,532ee835d6fe400e902a6cc6723ade87,
3a855c4283904869a3f4b872446eb196,964614978291141374,FINISHED,file:D:/Users/Badr/Downloads/MLOPs Final Project/mlops-final/mlruns/964614978291141374/3a855c4283904869a3f4b872446eb196/artifacts,2026-05-01 14:38:51.733000+00:00,2026-05-01 14:38:51.790000+00:00,67.22150773466078,67.22150773466078,,,,,,,,,8,100,-1,42,2,,,,,,,,,,D:\Users\Badr\Downloads\MLOPs Final Project\mlops-final\src\training\train.py,LOCAL,hpo_trial_3,Badr,109231d5c6cb075aff1972bedb299bac2bf8c7cb,532ee835d6fe400e902a6cc6723ade87,
7a0e903ae8d446a1be512fe295e79dc6,964614978291141374,FINISHED,file:D:/Users/Badr/Downloads/MLOPs Final Project/mlops-final/mlruns/964614978291141374/7a0e903ae8d446a1be512fe295e79dc6/artifacts,2026-05-01 14:38:50.939000+00:00,2026-05-01 14:38:51.013000+00:00,64.67220557872973,64.67220557872973,,,,,,,,,16,100,-1,42,2,,,,,,,,,,D:\Users\Badr\Downloads\MLOPs Final Project\mlops-final\src\training\train.py,LOCAL,hpo_trial_2,Badr,109231d5c6cb075aff1972bedb299bac2bf8c7cb,532ee835d6fe400e902a6cc6723ade87,
bc6838d7431444059c119e5a784a6e01,964614978291141374,FINISHED,file:D:/Users/Badr/Downloads/MLOPs Final Project/mlops-final/mlruns/964614978291141374/bc6838d7431444059c119e5a784a6e01/artifacts,2026-05-01 14:38:49.883000+00:00,2026-05-01 14:38:49.952000+00:00,64.39162362496543,64.39162362496543,,,,,,,,,None,200,-1,42,1,,,,,,,,,,D:\Users\Badr\Downloads\MLOPs Final Project\mlops-final\src\training\train.py,LOCAL,hpo_trial_1,Badr,109231d5c6cb075aff1972bedb299bac2bf8c7cb,532ee835d6fe400e902a6cc6723ade87,
7e77e32a3572411292c688ba883f7c50,964614978291141374,FINISHED,file:D:/Users/Badr/Downloads/MLOPs Final Project/mlops-final/mlruns/964614978291141374/7e77e32a3572411292c688ba883f7c50/artifacts,2026-05-01 14:38:47.169000+00:00,2026-05-01 14:38:47.250000+00:00,80.62764178907503,80.62764178907503,,,,,,,,,4,200,-1,42,1,,,,,,,,,,D:\Users\Badr\Downloads\MLOPs Final Project\mlops-final\src\training\train.py,LOCAL,hpo_trial_0,Badr,109231d5c6cb075aff1972bedb299bac2bf8c7cb,532ee835d6fe400e902a6cc6723ade87,
532ee835d6fe400e902a6cc6723ade87,964614978291141374,FINISHED,file:D:/Users/Badr/Downloads/MLOPs Final Project/mlops-final/mlruns/964614978291141374/532ee835d6fe400e902a6cc6723ade87/artifacts,2026-05-01 14:38:46.117000+00:00,2026-05-01 14:39:48.197000+00:00,,,0.7570725279289972,66.71144693740244,0.7,45.0629244170033,64.39162362496543,,,,,,,,,200,random_forest,20,3,1,0.7,12,None,True,D:\Users\Badr\Downloads\MLOPs Final Project\mlops-final\src\training\train.py,LOCAL,parent_hpo,Badr,109231d5c6cb075aff1972bedb299bac2bf8c7cb,,
564ddbb416734f16b38823df19d4c771,964614978291141374,FINISHED,file:D:/Users/Badr/Downloads/MLOPs Final Project/mlops-final/mlruns/964614978291141374/564ddbb416734f16b38823df19d4c771/artifacts,2026-05-01 14:30:57.324000+00:00,2026-05-01 14:30:57.407000+00:00,65.0591974855531,65.0591974855531,,,,,,,,,None,200,-1,42,1,,,,,,,,,,D:\Users\Badr\Downloads\MLOPs Final Project\mlops-final\src\training\train.py,LOCAL,hpo_trial_19,Badr,109231d5c6cb075aff1972bedb299bac2bf8c7cb,2eed63f9b3a14913b0e7a3b5a29e852b,
6c23521de16b402098726ad4f9256a8a,964614978291141374,FINISHED,file:D:/Users/Badr/Downloads/MLOPs Final Project/mlops-final/mlruns/964614978291141374/6c23521de16b402098726ad4f9256a8a/artifacts,2026-05-01 14:30:54.977000+00:00,2026-05-01 14:30:55.044000+00:00,67.1992956015415,67.1992956015415,,,,,,,,,8,200,-1,42,1,,,,,,,,,,D:\Users\Badr\Downloads\MLOPs Final Project\mlops-final\src\training\train.py,LOCAL,hpo_trial_18,Badr,109231d5c6cb075aff1972bedb299bac2bf8c7cb,2eed63f9b3a14913b0e7a3b5a29e852b,
b131c13b35bf4fce8b2ac0dc2c13acb1,964614978291141374,FINISHED,file:D:/Users/Badr/Downloads/MLOPs Final Project/mlops-final/mlruns/964614978291141374/b131c13b35bf4fce8b2ac0dc2c13acb1/artifacts,2026-05-01 14:30:53.506000+00:00,2026-05-01 14:30:53.598000+00:00,65.09838971296328,65.09838971296328,,,,,,,,,None,400,-1,42,4,,,,,,,,,,D:\Users\Badr\Downloads\MLOPs Final Project\mlops-final\src\training\train.py,LOCAL,hpo_trial_17,Badr,109231d5c6cb075aff1972bedb299bac2bf8c7cb,2eed63f9b3a14913b0e7a3b5a29e852b,
0a2ce2fd3bd7418a82bee85dcb9d403f,964614978291141374,FINISHED,file:D:/Users/Badr/Downloads/MLOPs Final Project/mlops-final/mlruns/964614978291141374/0a2ce2fd3bd7418a82bee85dcb9d403f/artifacts,2026-05-01 14:30:50.424000+00:00,2026-05-01 14:30:50.509000+00:00,65.0591974855531,65.0591974855531,,,,,,,,,None,200,-1,42,1,,,,,,,,,,D:\Users\Badr\Downloads\MLOPs Final Project\mlops-final\src\training\train.py,LOCAL,hpo_trial_16,Badr,109231d5c6cb075aff1972bedb299bac2bf8c7cb,2eed63f9b3a14913b0e7a3b5a29e852b,
2d908315bcec45d0bca517f6ec2a26d0,964614978291141374,FINISHED,file:D:/Users/Badr/Downloads/MLOPs Final Project/mlops-final/mlruns/964614978291141374/2d908315bcec45d0bca517f6ec2a26d0/artifacts,2026-05-01 14:30:47.974000+00:00,2026-05-01 14:30:48.062000+00:00,65.0591974855531,65.0591974855531,,,,,,,,,None,200,-1,42,1,,,,,,,,,,D:\Users\Badr\Downloads\MLOPs Final Project\mlops-final\src\training\train.py,LOCAL,hpo_trial_15,Badr,109231d5c6cb075aff1972bedb299bac2bf8c7cb,2eed63f9b3a14913b0e7a3b5a29e852b,
44ca3f7cbc5f40dba4b042246e6a94b7,964614978291141374,FINISHED,file:D:/Users/Badr/Downloads/MLOPs Final Project/mlops-final/mlruns/964614978291141374/44ca3f7cbc5f40dba4b042246e6a94b7/artifacts,2026-05-01 14:30:45.408000+00:00,2026-05-01 14:30:45.474000+00:00,65.0591974855531,65.0591974855531,,,,,,,,,None,200,-1,42,1,,,,,,,,,,D:\Users\Badr\Downloads\MLOPs Final Project\mlops-final\src\training\train.py,LOCAL,hpo_trial_14,Badr,109231d5c6cb075aff1972bedb299bac2bf8c7cb,2eed63f9b3a14913b0e7a3b5a29e852b,
4c7acf8a13944914b79f7e808efc950d,964614978291141374,FINISHED,file:D:/Users/Badr/Downloads/MLOPs Final Project/mlops-final/mlruns/964614978291141374/4c7acf8a13944914b79f7e808efc950d/artifacts,2026-05-01 14:30:42.889000+00:00,2026-05-01 14:30:42.977000+00:00,65.0591974855531,65.0591974855531,,,,,,,,,None,200,-1,42,1,,,,,,,,,,D:\Users\Badr\Downloads\MLOPs Final Project\mlops-final\src\training\train.py,LOCAL,hpo_trial_13,Badr,109231d5c6cb075aff1972bedb299bac2bf8c7cb,2eed63f9b3a14913b0e7a3b5a29e852b,
2eba4d0ea18f417db05063be54eb1439,964614978291141374,FINISHED,file:D:/Users/Badr/Downloads/MLOPs Final Project/mlops-final/mlruns/964614978291141374/2eba4d0ea18f417db05063be54eb1439/artifacts,2026-05-01 14:30:40.235000+00:00,2026-05-01 14:30:40.311000+00:00,65.0591974855531,65.0591974855531,,,,,,,,,None,200,-1,42,1,,,,,,,,,,D:\Users\Badr\Downloads\MLOPs Final Project\mlops-final\src\training\train.py,LOCAL,hpo_trial_12,Badr,109231d5c6cb075aff1972bedb299bac2bf8c7cb,2eed63f9b3a14913b0e7a3b5a29e852b,
ad9a3994504e4320812d2b8b391c326b,964614978291141374,FINISHED,file:D:/Users/Badr/Downloads/MLOPs Final Project/mlops-final/mlruns/964614978291141374/ad9a3994504e4320812d2b8b391c326b/artifacts,2026-05-01 14:30:37.752000+00:00,2026-05-01 14:30:37.829000+00:00,65.0591974855531,65.0591974855531,,,,,,,,,None,200,-1,42,1,,,,,,,,,,D:\Users\Badr\Downloads\MLOPs Final Project\mlops-final\src\training\train.py,LOCAL,hpo_trial_11,Badr,109231d5c6cb075aff1972bedb299bac2bf8c7cb,2eed63f9b3a14913b0e7a3b5a29e852b,
2fdc7ef784934e3d99a6fdba01af2286,964614978291141374,FINISHED,file:D:/Users/Badr/Downloads/MLOPs Final Project/mlops-final/mlruns/964614978291141374/2fdc7ef784934e3d99a6fdba01af2286/artifacts,2026-05-01 14:30:35.341000+00:00,2026-05-01 14:30:35.442000+00:00,65.0591974855531,65.0591974855531,,,,,,,,,None,200,-1,42,1,,,,,,,,,,D:\Users\Badr\Downloads\MLOPs Final Project\mlops-final\src\training\train.py,LOCAL,hpo_trial_10,Badr,109231d5c6cb075aff1972bedb299bac2bf8c7cb,2eed63f9b3a14913b0e7a3b5a29e852b,
49c9d5b6f80149f58ee9284869269436,964614978291141374,FINISHED,file:D:/Users/Badr/Downloads/MLOPs Final Project/mlops-final/mlruns/964614978291141374/49c9d5b6f80149f58ee9284869269436/artifacts,2026-05-01 14:30:32.692000+00:00,2026-05-01 14:30:32.776000+00:00,67.17774543547023,67.17774543547023,,,,,,,,,8,400,-1,42,1,,,,,,,,,,D:\Users\Badr\Downloads\MLOPs Final Project\mlops-final\src\training\train.py,LOCAL,hpo_trial_9,Badr,109231d5c6cb075aff1972bedb299bac2bf8c7cb,2eed63f9b3a14913b0e7a3b5a29e852b,
ece0ce3f96f64e3f85288769e62c2c8f,964614978291141374,FINISHED,file:D:/Users/Badr/Downloads/MLOPs Final Project/mlops-final/mlruns/964614978291141374/ece0ce3f96f64e3f85288769e62c2c8f/artifacts,2026-05-01 14:30:30.360000+00:00,2026-05-01 14:30:30.449000+00:00,65.11903490596708,65.11903490596708,,,,,,,,,None,100,-1,42,2,,,,,,,,,,D:\Users\Badr\Downloads\MLOPs Final Project\mlops-final\src\training\train.py,LOCAL,hpo_trial_8,Badr,109231d5c6cb075aff1972bedb299bac2bf8c7cb,2eed63f9b3a14913b0e7a3b5a29e852b,
c3140d82fa9541e48c794450b1f6ccb2,964614978291141374,FINISHED,file:D:/Users/Badr/Downloads/MLOPs Final Project/mlops-final/mlruns/964614978291141374/c3140d82fa9541e48c794450b1f6ccb2/artifacts,2026-05-01 14:30:29.342000+00:00,2026-05-01 14:30:29.409000+00:00,80.42781649195074,80.42781649195074,,,,,,,,,4,100,-1,42,2,,,,,,,,,,D:\Users\Badr\Downloads\MLOPs Final Project\mlops-final\src\training\train.py,LOCAL,hpo_trial_7,Badr,109231d5c6cb075aff1972bedb299bac2bf8c7cb,2eed63f9b3a14913b0e7a3b5a29e852b,
cfad835497604a6e814726e0c1b344db,964614978291141374,FINISHED,file:D:/Users/Badr/Downloads/MLOPs Final Project/mlops-final/mlruns/964614978291141374/cfad835497604a6e814726e0c1b344db/artifacts,2026-05-01 14:30:28.763000+00:00,2026-05-01 14:30:28.826000+00:00,65.14396236450203,65.14396236450203,,,,,,,,,16,400,-1,42,4,,,,,,,,,,D:\Users\Badr\Downloads\MLOPs Final Project\mlops-final\src\training\train.py,LOCAL,hpo_trial_6,Badr,109231d5c6cb075aff1972bedb299bac2bf8c7cb,2eed63f9b3a14913b0e7a3b5a29e852b,
09e75fc99a6e408d9ac6b4bfa058baa9,964614978291141374,FINISHED,file:D:/Users/Badr/Downloads/MLOPs Final Project/mlops-final/mlruns/964614978291141374/09e75fc99a6e408d9ac6b4bfa058baa9/artifacts,2026-05-01 14:30:25.839000+00:00,2026-05-01 14:30:25.921000+00:00,65.11997030621579,65.11997030621579,,,,,,,,,16,100,-1,42,4,,,,,,,,,,D:\Users\Badr\Downloads\MLOPs Final Project\mlops-final\src\training\train.py,LOCAL,hpo_trial_5,Badr,109231d5c6cb075aff1972bedb299bac2bf8c7cb,2eed63f9b3a14913b0e7a3b5a29e852b,
cabdabfca67e4b3db6e07fa1a809f980,964614978291141374,FINISHED,file:D:/Users/Badr/Downloads/MLOPs Final Project/mlops-final/mlruns/964614978291141374/cabdabfca67e4b3db6e07fa1a809f980/artifacts,2026-05-01 14:30:24.859000+00:00,2026-05-01 14:30:24.925000+00:00,80.46223898379576,80.46223898379576,,,,,,,,,4,200,-1,42,2,,,,,,,,,,D:\Users\Badr\Downloads\MLOPs Final Project\mlops-final\src\training\train.py,LOCAL,hpo_trial_4,Badr,109231d5c6cb075aff1972bedb299bac2bf8c7cb,2eed63f9b3a14913b0e7a3b5a29e852b,
5a87093d015c460097d839897c6262aa,964614978291141374,FINISHED,file:D:/Users/Badr/Downloads/MLOPs Final Project/mlops-final/mlruns/964614978291141374/5a87093d015c460097d839897c6262aa/artifacts,2026-05-01 14:30:23.927000+00:00,2026-05-01 14:30:23.992000+00:00,67.29861540854647,67.29861540854647,,,,,,,,,8,100,-1,42,2,,,,,,,,,,D:\Users\Badr\Downloads\MLOPs Final Project\mlops-final\src\training\train.py,LOCAL,hpo_trial_3,Badr,109231d5c6cb075aff1972bedb299bac2bf8c7cb,2eed63f9b3a14913b0e7a3b5a29e852b,
55c46577368741df9a7a785c091af529,964614978291141374,FINISHED,file:D:/Users/Badr/Downloads/MLOPs Final Project/mlops-final/mlruns/964614978291141374/55c46577368741df9a7a785c091af529/artifacts,2026-05-01 14:30:23.261000+00:00,2026-05-01 14:30:23.326000+00:00,65.13176794990228,65.13176794990228,,,,,,,,,16,100,-1,42,2,,,,,,,,,,D:\Users\Badr\Downloads\MLOPs Final Project\mlops-final\src\training\train.py,LOCAL,hpo_trial_2,Badr,109231d5c6cb075aff1972bedb299bac2bf8c7cb,2eed63f9b3a14913b0e7a3b5a29e852b,
143a6d5018394c70a38fd1fa1cb2004d,964614978291141374,FINISHED,file:D:/Users/Badr/Downloads/MLOPs Final Project/mlops-final/mlruns/964614978291141374/143a6d5018394c70a38fd1fa1cb2004d/artifacts,2026-05-01 14:30:22.309000+00:00,2026-05-01 14:30:22.413000+00:00,65.0591974855531,65.0591974855531,,,,,,,,,None,200,-1,42,1,,,,,,,,,,D:\Users\Badr\Downloads\MLOPs Final Project\mlops-final\src\training\train.py,LOCAL,hpo_trial_1,Badr,109231d5c6cb075aff1972bedb299bac2bf8c7cb,2eed63f9b3a14913b0e7a3b5a29e852b,
36673873b4494760a0489696745157ae,964614978291141374,FINISHED,file:D:/Users/Badr/Downloads/MLOPs Final Project/mlops-final/mlruns/964614978291141374/36673873b4494760a0489696745157ae/artifacts,2026-05-01 14:30:20.027000+00:00,2026-05-01 14:30:20.125000+00:00,80.46200544880168,80.46200544880168,,,,,,,,,4,200,-1,42,1,,,,,,,,,,D:\Users\Badr\Downloads\MLOPs Final Project\mlops-final\src\training\train.py,LOCAL,hpo_trial_0,Badr,109231d5c6cb075aff1972bedb299bac2bf8c7cb,2eed63f9b3a14913b0e7a3b5a29e852b,
2eed63f9b3a14913b0e7a3b5a29e852b,964614978291141374,FINISHED,file:D:/Users/Badr/Downloads/MLOPs Final Project/mlops-final/mlruns/964614978291141374/2eed63f9b3a14913b0e7a3b5a29e852b/artifacts,2026-05-01 14:30:19.101000+00:00,2026-05-01 14:31:05.473000+00:00,,,0.7570725279289972,66.71144693740244,0.7,45.0629244170033,65.0591974855531,,,,,,,,,200,random_forest,20,3,1,0.7,12,None,True,D:\Users\Badr\Downloads\MLOPs Final Project\mlops-final\src\training\train.py,LOCAL,parent_hpo,Badr,109231d5c6cb075aff1972bedb299bac2bf8c7cb,,"[{""run_id"": ""2eed63f9b3a14913b0e7a3b5a29e852b"", ""artifact_path"": ""model"", ""utc_time_created"": ""2026-05-01 14:30:58.725336"", ""flavors"": {""python_function"": {""model_path"": ""model.pkl"", ""predict_fn"": ""predict"", ""loader_module"": ""mlflow.sklearn"", ""python_version"": ""3.12.10"", ""env"": {""conda"": ""conda.yaml"", ""virtualenv"": ""python_env.yaml""}}, ""sklearn"": {""pickled_model"": ""model.pkl"", ""sklearn_version"": ""1.4.2"", ""serialization_format"": ""cloudpickle"", ""code"": null}}, ""model_uuid"": ""0e8c3c5bc1e44171929cfeeefa0919a2"", ""mlflow_version"": ""2.13.0"", ""model_size_bytes"": 108493977}]"
eeb98af329d949e2bd0cfcffbcaa359b,964614978291141374,FINISHED,file:D:/Users/Badr/Downloads/MLOPs Final Project/mlops-final/mlruns/964614978291141374/eeb98af329d949e2bd0cfcffbcaa359b/artifacts,2026-05-01 14:18:26.179000+00:00,2026-05-01 14:18:34.345000+00:00,,,,,,,,0.7355338921284966,48.147832586914305,69.60606084976979,8,100,-1,42,,,RandomForestRegressor,,,,,,,,D:\Users\Badr\Downloads\MLOPs Final Project\mlops-final\src\training\train.py,LOCAL,baseline_random_forest,Badr,109231d5c6cb075aff1972bedb299bac2bf8c7cb,,"[{""run_id"": ""eeb98af329d949e2bd0cfcffbcaa359b"", ""artifact_path"": ""model"", ""utc_time_created"": ""2026-05-01 14:18:26.262783"", ""flavors"": {""python_function"": {""model_path"": ""model.pkl"", ""predict_fn"": ""predict"", ""loader_module"": ""mlflow.sklearn"", ""python_version"": ""3.12.10"", ""env"": {""conda"": ""conda.yaml"", ""virtualenv"": ""python_env.yaml""}}, ""sklearn"": {""pickled_model"": ""model.pkl"", ""sklearn_version"": ""1.4.2"", ""serialization_format"": ""cloudpickle"", ""code"": null}}, ""model_uuid"": ""b2db7b0b8bff4622b9d49472f55b2158"", ""mlflow_version"": ""2.13.0"", ""model_size_bytes"": 3327186}]"
